{
    "r2_score": 0.2418834634628153,
    "mean_squared_error": 0.7587809556295857
}